area_sqft,bedrooms,age_years,distance_km,price_lakh
1106,1,24,6.23,69.52
2883,1,19,9.02,224.05
772,1,7,5.42,53.98
2882,4,8,9.53,248.31
1789,1,25,16.31,106.83
1286,2,25,7.4,85.9
1029,4,4,7.82,98.48
827,4,18,3.37,79.98
2200,1,18,6.57,162.16
2131,5,7,14.39,181.92
837,2,25,6.5,53.86
1063,4,9,9.61,96.01
2144,2,12,7.75,170.25
942,5,21,4.25,86.93
1652,2,15,8.21,131.42
2931,2,22,7.16,231.16
879,2,27,1.61,61.57
1514,5,29,14.64,115.91
1520,4,13,17.81,114.4
1221,2,24,11.67,74.88
1726,5,14,18.06,137.4
1216,5,16,2.73,122.79
842,1,5,12.92,52.14
910,4,13,12.32,70.44
2567,5,9,19.45,212.88
1119,5,25,6.07,98.84
2043,1,10,9.26,148.36
1728,5,25,4.39,156.11
1085,3,27,13.14,65.43
1311,5,25,18.53,91.99
652,5,11,10.28,66.69
1909,2,2,5.58,167.26
2973,1,3,14.91,234.01
2831,2,5,13.54,219.18
2901,2,9,11.03,227.56
2858,2,23,6.92,219.96
2179,4,29,10.83,171.17
2034,1,19,11.52,144.03
1552,1,3,14.45,111.75
778,3,3,10.77,66.95
1790,4,7,11.25,154.57
2586,2,26,9.99,187.31
2317,2,4,2.84,200.37
2562,1,22,13.42,182.64
1053,1,13,14.84,59.04
1434,2,18,9.52,102.18
2378,2,9,9.79,192.25
2904,1,2,13.39,227.6
2864,1,3,18.6,215.81
2639,4,7,17.43,215.17
890,2,13,1.04,71.78
2513,3,14,14.24,202.23
2926,4,5,4.61,266.12
2870,1,24,6.96,218.34
855,5,16,10.55,77.84
2730,1,28,4.53,204.79
928,2,13,3.28,78.02
812,5,3,8.97,86.24
2965,5,11,18.76,247.21
1627,3,13,3.49,147.38
1878,4,11,18.65,146.54
2956,1,3,11.22,235.7
2722,3,5,18.73,220.18
2163,3,6,9.33,179.96
2875,3,20,19.69,214.73
2921,3,30,13.6,215.86
1200,3,4,17.9,88.6
1804,5,7,14.63,156.46
1483,3,17,10.28,119.56
1028,4,27,6.26,78.56
664,3,25,3.49,51.92
2459,5,23,9.13,209.16
689,1,3,18.96,28.62
797,3,19,11.5,50.86
2410,2,2,6.86,210.01
813,3,7,13.96,57.0
1071,3,25,11.64,75.8
1283,2,28,4.09,85.76
1375,4,1,4.41,142.7
2336,2,9,4.02,195.83
1092,4,28,1.74,92.52
2535,3,10,16.59,199.48
1582,2,1,13.54,122.25
934,3,12,13.19,68.79
2287,5,11,18.85,194.02
1381,5,9,1.73,148.95
2429,3,24,15.94,170.71
1123,4,29,11.96,81.19
1693,1,23,9.29,108.59
1457,3,14,2.33,128.87
2002,5,11,13.6,177.85
2727,3,22,8.76,223.27
2298,3,18,3.42,189.22
1362,5,19,6.72,127.49
2894,1,10,6.45,229.31
1969,4,15,9.4,168.63
1525,5,16,16.08,128.52
997,3,17,13.61,66.22
2022,1,27,19.09,120.95
1465,2,1,1.88,137.82
2596,5,28,15.6,198.87
1446,4,16,8.59,124.78
1254,1,29,15.27,60.68
2391,2,6,16.28,182.12
2771,4,2,11.59,244.2
1196,4,22,11.09,91.14
2939,5,11,19.05,246.33
2717,4,27,18.23,201.23
2476,2,24,17.37,167.83
1785,5,16,12.91,153.13
1774,4,3,14.56,152.15
2862,1,5,3.87,242.01
2218,2,23,5.07,171.39
2558,4,2,4.93,238.13
2370,4,29,15.63,177.78
2208,4,1,18.91,182.54
1873,4,28,17.94,133.63
2886,5,29,5.19,244.17
1548,3,14,10.23,119.65
2306,2,27,9.88,171.79
